title,sentiment
Japan ‘on Verge of no Longer Functioning’ After Birth Rate Plummets to Record New Low,doomer
NOAA begins firing hundreds of staffers,doomer
‘We used to think the ice was eternal’: Colombia looks to a future without glaciers,doomer
1.1 Million Bee Colonies Died This Winter. Race Is On to Learn Why.,doomer
Sea ice levels drop to record lows on both poles as scientists issue warning,doomer
Billionaire and known nobhead announces he will be using his newspaper to espouse nothing but his nobhead opinions,doomer
The richest man in the world is propped up by $38B in taxpayers dollars. SHAME,doomer
‘The forests are going up in flames – so is the rule of law’: Argentina’s climate of fear,doomer
"The Crisis Report - 103 : I can tell you what I see when I look at the board. I can tell you what I think it means. What you do with that information is up to you. The rest of our lives, aren't going to be what we thought. ""Certainty"" has gone out the window.",doomer
"Can avian flu spread via the wind? Can't be ruled out, experts say",doomer
A Photo Exhibition Tackles the Climate Crisis,doomer
"Musk Scandal at USAID Takes Ugly Turn, Putting Starving Kids at Risk",doomer
BP cuts renewable investments in favor of oil and gas,doomer
"Total collapse of vital Atlantic currents unlikely this century, study finds | Climate crisis",doomer
State of emergency declared after blackout plunges most of Chile into darkness,doomer
Plants losing appetite for carbon dioxide amid effects of warming climate | World news,doomer
Ignoring science for profit will have deadly consequences for America,doomer
"Calculating the economic cost of climate change is tricky, even futile – it’s also a distraction | ""We need to refocus the debate on tangible impacts happening right now: retreating glaciers, species extinction, shifting seasons and coastal erosion, to name a few""",doomer
Update: Donations now matched up to $20K x2!!! Join r/LosAngeles in Supporting the Wildfire Relief Fund,not doomer
"More than 100,000 African seeds put in Svalbard vault for safekeeping",not doomer
Court forces movie theater chain to pay for causing 'mental agony' by playing too many ads,not doomer
Offshore windfarms are to be painted black in an effort to reduce the number of birds that die after flying into them.,not doomer
LGBTQ+ cruise rescues 11 refugees adrift in the Gulf of Mexico,not doomer
Pakistan’s transgender community finds hope and dignity at a culinary school,not doomer
"Very rare paintings depicting the god of wine unearthed in Pompeii 2,000 years after city was buried by ash and lava",not doomer
Paralympian John McFall could become 1st astronaut with a disability on ISS,not doomer
Getty Villa employees recount how they saved the museum and its antiquities from the Palisades Fire,not doomer
Scientists capture rare footage of baby polar bears emerging from dens,not doomer
Oakland County nonprofit offering free emotional support puppy,not doomer
"Hilda Jackson has always been a dancing girl and that didn't stop when she reached 105. Her birthday was celebrated with a bit of a rave with a DJ, lighting, UV paint and glowsticks at her nursing home. Scroll to the 40 min. mark in this to hear her attitude to sitting around! Article in comments.",not doomer
Pope Francis' Health Recovers: What does this mean for the Vatican?,not doomer
‘I’m still dancing’: Derbyshire woman has 105th birthday rave at care home,not doomer
Gene therapy experiment treats rare childhood blindness,not doomer
Denmark to ban mobile phones in schools and after-school clubs,not doomer
"GA lawmaker pushes for sexual assault kit testing reform, new oversight committee",not doomer
"Rare Video Captures Super Pod of 2,000 Dolphins Breaching, Playing Off Monterey Coast",not doomer
Airbnb ditches controversial camel rides at Egypt’s pyramids amid ethical concerns,not doomer
Colorado Woman Donates Kidney to Save Pennsylvania Man 35 Years After They Went to Prom Together,not doomer
Andrew and Tristan Tate ‘not welcome’ in Florida says governor Ron DeSantis as brothers arrive in US,neutral
GOP senators vent Musk frustrations at closed-door meeting,neutral
Poll finds share of US Democrats backing Israel dwindling to 33%,neutral
White House official threatens to redraw Canadian border,neutral
"Contrary to Musk’s claim, Ebola containment efforts were slowed then stopped, former officials say",neutral
U.S. Economy Shows Signs of Strain From Trump’s Tariffs and Spending Cuts,neutral
Trump team weighs pulling funding for Moderna's bird flu shot despite outbreak,neutral
Remarks by President Trump Before Cabinet Meeting,neutral
How COVID Pushed a Generation of Young People to the Right,neutral
"Roosevelt Hotel Shelter, Symbol of NYC Migrant Crisis, Will Close",neutral
Is this the least popular politician in America?,neutral
Chief Justice John Roberts pauses order for Trump admin to pay $2 billion in foreign aid by midnight,neutral
"Trump sows confusion on tariffs for Canada and Mexico, floats 25% duty on EU goods",neutral
Trump administration sets stage for large-scale federal layoffs,neutral
New book on Biden by Jake Tapper and Alex Thompson reports a ‘cover-up’ about his decline,neutral
Trump shares bizarre AI vision of what Gaza will look like under his rule,neutral
Greg Abbott is working to slow the Texas measles outbreak as an unvaccinated child dies.,neutral
"Trump Executive Order: Making America Healthy Again by Empowering Patients with Clear, Accurate, and Actionable Healthcare Pricing Information",neutral
The Art of a Really Bad Deal,neutral
